Workbook

Sheet scenario_details
A1: what | B1: value
A2: scenario_name | B2: 24/7 helicopter coverage - existing critical care times
A3: scenario_description | B3: This scenario sets one helicopter (H70) and its backup car (CC70) to be available 24/7/365. H70/CC70 are set to continue with their existing timings for critical care and enhanced care (i.e. critical care only available until 7pm).
A4: scenario_notes | B4: There are no additional notes on this file.

Sheet callsign_registration_lookup
A1: registration | B1: callsign | C1: model | D1: vehicle_type | E1: callsign_group
A2: g-daas | B2: H70 | C2: Airbus H145 | D2: helicopter | E2: 70
A3: g-daan | B3: H71 | C3: Airbus EC135 | D3: helicopter | E3: 71
A4: cc70 | B4: CC70 | C4: Volvo XC90 | D4: car | E4: 70
A5: cc71 | B5: CC71 | C5: Volvo XC90 | D5: car | E5: 71
A6: cc72 | B6: CC72 | C6: Volvo XC90 | D6: car | E6: 72

Sheet HEMS_ROTA
A1: callsign | B1: category | C1: vehicle_type | D1: callsign_group | E1: summer_start | F1: winter_start | G1: summer_end | H1: winter_end
A2: H70 | B2: CC | C2: =IF(ISBLANK(Table3[[#This Row],[callsign]]), "", VLOOKUP(Table3[[#This Row],[callsign]],Table2[[#All],[callsign]:[vehicle_type]],3,FALSE)) -> helicopter | D2: =IF(ISBLANK(Table3[[#This Row],[callsign]]),"",VLOOKUP(Table3[[#This Row],[callsign]],Table2[[callsign]:[callsign_group]],4,FALSE)) -> 70 | E2: 7 | F2: 7 | G2: 19 | H2: 19
A3: H70 | B3: EC | C3: =IF(ISBLANK(Table3[[#This Row],[callsign]]), "", VLOOKUP(Table3[[#This Row],[callsign]],Table2[[#All],[callsign]:[vehicle_type]],3,FALSE)) -> helicopter | D3: =IF(ISBLANK(Table3[[#This Row],[callsign]]),"",VLOOKUP(Table3[[#This Row],[callsign]],Table2[[callsign]:[callsign_group]],4,FALSE)) -> 70 | E3: 19 | F3: 19 | G3: 7 | H3: 7
A4: CC70 | B4: CC | C4: =IF(ISBLANK(Table3[[#This Row],[callsign]]), "", VLOOKUP(Table3[[#This Row],[callsign]],Table2[[#All],[callsign]:[vehicle_type]],3,FALSE)) -> car | D4: =IF(ISBLANK(Table3[[#This Row],[callsign]]),"",VLOOKUP(Table3[[#This Row],[callsign]],Table2[[callsign]:[callsign_group]],4,FALSE)) -> 70 | E4: 7 | F4: 7 | G4: 19 | H4: 19
A5: CC70 | B5: EC | C5: =IF(ISBLANK(Table3[[#This Row],[callsign]]), "", VLOOKUP(Table3[[#This Row],[callsign]],Table2[[#All],[callsign]:[vehicle_type]],3,FALSE)) -> car | D5: =IF(ISBLANK(Table3[[#This Row],[callsign]]),"",VLOOKUP(Table3[[#This Row],[callsign]],Table2[[callsign]:[callsign_group]],4,FALSE)) -> 70 | E5: 19 | F5: 19 | G5: 7 | H5: 7
A6: H71 | B6: EC | C6: =IF(ISBLANK(Table3[[#This Row],[callsign]]), "", VLOOKUP(Table3[[#This Row],[callsign]],Table2[[#All],[callsign]:[vehicle_type]],3,FALSE)) -> helicopter | D6: =IF(ISBLANK(Table3[[#This Row],[callsign]]),"",VLOOKUP(Table3[[#This Row],[callsign]],Table2[[callsign]:[callsign_group]],4,FALSE)) -> 71 | E6: 7 | F6: 7 | G6: 19 | H6: 17
A7: CC71 | B7: EC | C7: =IF(ISBLANK(Table3[[#This Row],[callsign]]), "", VLOOKUP(Table3[[#This Row],[callsign]],Table2[[#All],[callsign]:[vehicle_type]],3,FALSE)) -> car | D7: =IF(ISBLANK(Table3[[#This Row],[callsign]]),"",VLOOKUP(Table3[[#This Row],[callsign]],Table2[[callsign]:[callsign_group]],4,FALSE)) -> 71 | E7: 7 | F7: 7 | G7: 19 | H7: 17
A8: CC72 | B8: EC | C8: =IF(ISBLANK(Table3[[#This Row],[callsign]]), "", VLOOKUP(Table3[[#This Row],[callsign]],Table2[[#All],[callsign]:[vehicle_type]],3,FALSE)) -> car | D8: =IF(ISBLANK(Table3[[#This Row],[callsign]]),"",VLOOKUP(Table3[[#This Row],[callsign]],Table2[[callsign]:[callsign_group]],4,FALSE)) -> 72 | E8: 8 | F8: 8 | G8: 18 | H8: 18
C9: =IF(ISBLANK(Table3[[#This Row],[callsign]]), "", VLOOKUP(Table3[[#This Row],[callsign]],Table2[[#All],[callsign]:[vehicle_type]],3,FALSE)) | D9: =IF(ISBLANK(Table3[[#This Row],[callsign]]),"",VLOOKUP(Table3[[#This Row],[callsign]],Table2[[callsign]:[callsign_group]],4,FALSE))
C10: =IF(ISBLANK(Table3[[#This Row],[callsign]]), "", VLOOKUP(Table3[[#This Row],[callsign]],Table2[[#All],[callsign]:[vehicle_type]],3,FALSE)) | D10: =IF(ISBLANK(Table3[[#This Row],[callsign]]),"",VLOOKUP(Table3[[#This Row],[callsign]],Table2[[callsign]:[callsign_group]],4,FALSE))
C11: =IF(ISBLANK(Table3[[#This Row],[callsign]]), "", VLOOKUP(Table3[[#This Row],[callsign]],Table2[[#All],[callsign]:[vehicle_type]],3,FALSE)) | D11: =IF(ISBLANK(Table3[[#This Row],[callsign]]),"",VLOOKUP(Table3[[#This Row],[callsign]],Table2[[callsign]:[callsign_group]],4,FALSE))
C12: =IF(ISBLANK(Table3[[#This Row],[callsign]]), "", VLOOKUP(Table3[[#This Row],[callsign]],Table2[[#All],[callsign]:[vehicle_type]],3,FALSE)) | D12: =IF(ISBLANK(Table3[[#This Row],[callsign]]),"",VLOOKUP(Table3[[#This Row],[callsign]],Table2[[callsign]:[callsign_group]],4,FALSE))
C13: =IF(ISBLANK(Table3[[#This Row],[callsign]]), "", VLOOKUP(Table3[[#This Row],[callsign]],Table2[[#All],[callsign]:[vehicle_type]],3,FALSE)) | D13: =IF(ISBLANK(Table3[[#This Row],[callsign]]),"",VLOOKUP(Table3[[#This Row],[callsign]],Table2[[callsign]:[callsign_group]],4,FALSE))
C14: =IF(ISBLANK(Table3[[#This Row],[callsign]]), "", VLOOKUP(Table3[[#This Row],[callsign]],Table2[[#All],[callsign]:[vehicle_type]],3,FALSE)) | D14: =IF(ISBLANK(Table3[[#This Row],[callsign]]),"",VLOOKUP(Table3[[#This Row],[callsign]],Table2[[callsign]:[callsign_group]],4,FALSE))
C15: =IF(ISBLANK(Table3[[#This Row],[callsign]]), "", VLOOKUP(Table3[[#This Row],[callsign]],Table2[[#All],[callsign]:[vehicle_type]],3,FALSE)) | D15: =IF(ISBLANK(Table3[[#This Row],[callsign]]),"",VLOOKUP(Table3[[#This Row],[callsign]],Table2[[callsign]:[callsign_group]],4,FALSE))
C16: =IF(ISBLANK(Table3[[#This Row],[callsign]]), "", VLOOKUP(Table3[[#This Row],[callsign]],Table2[[#All],[callsign]:[vehicle_type]],3,FALSE)) | D16: =IF(ISBLANK(Table3[[#This Row],[callsign]]),"",VLOOKUP(Table3[[#This Row],[callsign]],Table2[[callsign]:[callsign_group]],4,FALSE))
C17: =IF(ISBLANK(Table3[[#This Row],[callsign]]), "", VLOOKUP(Table3[[#This Row],[callsign]],Table2[[#All],[callsign]:[vehicle_type]],3,FALSE)) | D17: =IF(ISBLANK(Table3[[#This Row],[callsign]]),"",VLOOKUP(Table3[[#This Row],[callsign]],Table2[[callsign]:[callsign_group]],4,FALSE))
C18: =IF(ISBLANK(Table3[[#This Row],[callsign]]), "", VLOOKUP(Table3[[#This Row],[callsign]],Table2[[#All],[callsign]:[vehicle_type]],3,FALSE)) | D18: =IF(ISBLANK(Table3[[#This Row],[callsign]]),"",VLOOKUP(Table3[[#This Row],[callsign]],Table2[[callsign]:[callsign_group]],4,FALSE))
C19: =IF(ISBLANK(Table3[[#This Row],[callsign]]), "", VLOOKUP(Table3[[#This Row],[callsign]],Table2[[#All],[callsign]:[vehicle_type]],3,FALSE)) | D19: =IF(ISBLANK(Table3[[#This Row],[callsign]]),"",VLOOKUP(Table3[[#This Row],[callsign]],Table2[[callsign]:[callsign_group]],4,FALSE))
C20: =IF(ISBLANK(Table3[[#This Row],[callsign]]), "", VLOOKUP(Table3[[#This Row],[callsign]],Table2[[#All],[callsign]:[vehicle_type]],3,FALSE)) | D20: =IF(ISBLANK(Table3[[#This Row],[callsign]]),"",VLOOKUP(Table3[[#This Row],[callsign]],Table2[[callsign]:[callsign_group]],4,FALSE))
C21: =IF(ISBLANK(Table3[[#This Row],[callsign]]), "", VLOOKUP(Table3[[#This Row],[callsign]],Table2[[#All],[callsign]:[vehicle_type]],3,FALSE)) | D21: =IF(ISBLANK(Table3[[#This Row],[callsign]]),"",VLOOKUP(Table3[[#This Row],[callsign]],Table2[[callsign]:[callsign_group]],4,FALSE))

Sheet service_schedules_by_model
A1: model | B1: vehicle_type | C1: service_schedule_months | D1: service_duration_weeks
A2: {=_xlfn.UNIQUE(_xlfn._xlws.FILTER(Table2[model], Table2[model] <> ""))} -> Airbus H145 | B2: =IF(ISBLANK(A2),"", VLOOKUP(A2,callsign_registration_lookup!C1:E6,2,FALSE)) -> helicopter | C2: 8 | D2: 3
A3: Airbus EC135 | B3: =IF(ISBLANK(A3),"", VLOOKUP(A3,callsign_registration_lookup!C2:E7,2,FALSE)) -> helicopter | C3: 12 | D3: 3
A4: Volvo XC90 | B4: =IF(ISBLANK(A4),"", VLOOKUP(A4,callsign_registration_lookup!C3:E8,2,FALSE)) -> car | C4: 0 | D4: 0
B5: =IF(ISBLANK(A5),"", VLOOKUP(A5,callsign_registration_lookup!C4:E9,2,FALSE))
B6: =IF(ISBLANK(A6),"", VLOOKUP(A6,callsign_registration_lookup!C5:E10,2,FALSE))
B7: =IF(ISBLANK(A7),"", VLOOKUP(A7,callsign_registration_lookup!C6:E11,2,FALSE))
B8: =IF(ISBLANK(A8),"", VLOOKUP(A8,callsign_registration_lookup!C7:E12,2,FALSE))
B9: =IF(ISBLANK(A9),"", VLOOKUP(A9,callsign_registration_lookup!C8:E13,2,FALSE))
B10: =IF(ISBLANK(A10),"", VLOOKUP(A10,callsign_registration_lookup!C9:E14,2,FALSE))
B11: =IF(ISBLANK(A11),"", VLOOKUP(A11,callsign_registration_lookup!C10:E15,2,FALSE))
B12: =IF(ISBLANK(A12),"", VLOOKUP(A12,callsign_registration_lookup!C11:E16,2,FALSE))
B13: =IF(ISBLANK(A13),"", VLOOKUP(A13,callsign_registration_lookup!C12:E17,2,FALSE))
B14: =IF(ISBLANK(A14),"", VLOOKUP(A14,callsign_registration_lookup!C13:E18,2,FALSE))
B15: =IF(ISBLANK(A15),"", VLOOKUP(A15,callsign_registration_lookup!C14:E19,2,FALSE))
B16: =IF(ISBLANK(A16),"", VLOOKUP(A16,callsign_registration_lookup!C15:E20,2,FALSE))
... B19: =IF(ISBLANK(A19),"", VLOOKUP(A19,callsign_registration_lookup!C18:E23,2,FALSE))

Sheet rota_start_end_months
A1: what | B1: month
A2: summer_start_month_string | B2: April
A3: summer_end_month_string | B3: October
A4: summer_start_month | B4: =MONTH(1&B2) -> 4
A5: summer_end_month | B5: =MONTH(1&B3) -> 10

Sheet upper_allowable_time_bounds
A1: time | B1: min_value_mins | C1: max_value_mins
A2: time_allocation | B2: 0 | C2: 119
A3: time_mobile | B3: 0 | C3: 29
A4: time_to_scene | B4: 1 | C4: 59
A5: time_on_scene | B5: 1 | C5: 119
A6: time_to_hospital | B6: 1 | C6: 139
A7: time_to_clear | B7: 1 | C7: 89

Sheet service_history
A1: registration | B1: last_service
A2: {=_xlfn.UNIQUE(_xlfn._xlws.FILTER(Table2[registration], Table2[registration] <> ""))} -> g-daas | B2: 44565
A3: g-daan | B3: 44640
A4: cc70 | B4: 0
A5: cc71 | B5: 0
A6: cc72 | B6: 0

Sheet school_holidays
A1: year | B1: start_date | C1: end_date
A2: =IF(ISBLANK(B2), "", YEAR(B2)) -> 2023 | B2: 44927 | C2: 44928
A3: =IF(ISBLANK(B3), "", YEAR(B3)) -> 2023 | B3: 44970 | C3: 44974
A4: =IF(ISBLANK(B4), "", YEAR(B4)) -> 2023 | B4: 45019 | C4: 45033
A5: =IF(ISBLANK(B5), "", YEAR(B5)) -> 2023 | B5: 45075 | C5: 45081
A6: =IF(ISBLANK(B6), "", YEAR(B6)) -> 2023 | B6: 45138 | C6: 45173
A7: =IF(ISBLANK(B7), "", YEAR(B7)) -> 2023 | B7: 45222 | C7: 45228
A8: =IF(ISBLANK(B8), "", YEAR(B8)) -> 2023 | B8: 45278 | C8: 45291
A9: =IF(ISBLANK(B9), "", YEAR(B9)) -> 2024 | B9: 45292 | C9: 45292
A10: =IF(ISBLANK(B10), "", YEAR(B10)) -> 2024 | B10: 45334 | C10: 45338
A11: =IF(ISBLANK(B11), "", YEAR(B11)) -> 2024 | B11: 45383 | C11: 45396
A12: =IF(ISBLANK(B12), "", YEAR(B12)) -> 2024 | B12: 45439 | C12: 45445
A13: =IF(ISBLANK(B13), "", YEAR(B13)) -> 2024 | B13: 45502 | C13: 45537
... A36: =IF(ISBLANK(B36), "", YEAR(B36)) -> 2027 | B36: 46744 | C36: 46752
A37: =IF(ISBLANK(B37), "", YEAR(B37))
A38: =IF(ISBLANK(B38), "", YEAR(B38))
A39: =IF(ISBLANK(B39), "", YEAR(B39))
A40: =IF(ISBLANK(B40), "", YEAR(B40))
A41: =IF(ISBLANK(B41), "", YEAR(B41))
A42: =IF(ISBLANK(B42), "", YEAR(B42))
A43: =IF(ISBLANK(B43), "", YEAR(B43))
A44: =IF(ISBLANK(B44), "", YEAR(B44))
A45: =IF(ISBLANK(B45), "", YEAR(B45))
A46: =IF(ISBLANK(B46), "", YEAR(B46))
A47: =IF(ISBLANK(B47), "", YEAR(B47))
A48: =IF(ISBLANK(B48), "", YEAR(B48))
... A71: =IF(ISBLANK(B71), "", YEAR(B71))

Sheet additional_parameters
A1: parameter | B1: value
A2: number_of_runs | B2: 12
A3: simulation_duration_days | B3: 730
A4: simulation_warm_up_duration_hours | B4: 0
A5: simulation_start_date | B5: 44927
A6: simulation_start_time | B6: 0.33333333
A7: master_random_seed | B7: 42
A8: activity_duration_multiplier | B8: 1

Sheet allowable_values
A1: care_category | B1: months | C1: vehicle_types
A2: CC | B2: January | C2: car
A3: EC | B3: February | C3: helicopter
B4: March
B5: April
B6: May
B7: June
B8: July
B9: August
B10: September
B11: October
B12: November
B13: December
